po_id,sku,supplier_id,order_date,promised_lead_time_days,actual_lead_time_days,received_date,qty_ordered
1,SKU0,3,2025-07-01,29,29,2025-07-30,96
2,SKU0,3,2025-07-08,29,26,2025-08-03,90
3,SKU0,3,2025-07-15,29,34,2025-08-18,111
4,SKU0,3,2025-07-22,29,34,2025-08-25,86
5,SKU0,3,2025-07-29,29,31,2025-08-29,88
6,SKU0,3,2025-12-30,29,23,2026-01-22,97
7,SKU0,3,2026-01-06,29,30,2026-02-05,109
8,SKU0,3,2026-01-13,29,28,2026-02-10,111
9,SKU0,3,2026-01-27,29,26,2026-02-22,81
10,SKU0,3,2026-06-23,29,30,2026-07-23,136
11,SKU1,3,2025-07-01,23,17,2025-07-18,36
12,SKU1,3,2025-07-15,23,30,2025-08-14,45
13,SKU1,3,2025-07-22,23,21,2025-08-12,25
14,SKU1,3,2025-07-29,23,19,2025-08-17,44
15,SKU1,3,2025-08-05,23,20,2025-08-25,39
16,SKU1,3,2025-10-28,23,21,2025-11-18,37
17,SKU1,3,2025-11-04,23,17,2025-11-21,39
18,SKU1,3,2025-11-25,23,23,2025-12-18,46
19,SKU1,3,2025-12-02,23,19,2025-12-21,26
20,SKU1,3,2025-12-09,23,26,2026-01-04,37
21,SKU1,3,2025-12-16,23,18,2026-01-03,36
22,SKU1,3,2025-12-23,23,25,2026-01-17,33
23,SKU1,3,2025-12-30,23,23,2026-01-22,34
24,SKU1,3,2026-02-17,23,21,2026-03-10,37
25,SKU1,3,2026-02-24,23,26,2026-03-22,45
26,SKU1,3,2026-03-03,23,26,2026-03-29,41
27,SKU1,3,2026-03-10,23,25,2026-04-04,39
28,SKU1,3,2026-03-17,23,25,2026-04-11,34
29,SKU1,3,2026-03-24,23,22,2026-04-15,37
30,SKU1,3,2026-06-09,23,23,2026-07-02,46
31,SKU1,3,2026-06-16,23,21,2026-07-07,39
32,SKU1,3,2026-06-23,23,18,2026-07-11,29
33,SKU2,1,2025-07-01,12,10,2025-07-11,98
34,SKU3,5,2025-07-01,24,22,2025-07-23,69
35,SKU3,5,2025-07-08,24,26,2025-08-03,66
36,SKU3,5,2025-07-15,24,25,2025-08-09,55
37,SKU4,1,2025-07-01,5,5,2025-07-06,53
38,SKU4,1,2025-07-29,5,5,2025-08-03,67
39,SKU4,1,2025-09-02,5,5,2025-09-07,62
40,SKU4,1,2025-09-23,5,6,2025-09-29,56
41,SKU4,1,2025-10-21,5,5,2025-10-26,60
42,SKU4,1,2025-11-11,5,2,2025-11-13,38
43,SKU4,1,2025-11-25,5,7,2025-12-02,60
44,SKU4,1,2025-12-16,5,5,2025-12-21,58
45,SKU4,1,2026-01-13,5,8,2026-01-21,76
46,SKU4,1,2026-02-10,5,5,2026-02-15,49
47,SKU4,1,2026-02-24,5,5,2026-03-01,56
48,SKU4,1,2026-03-17,5,3,2026-03-20,54
49,SKU4,1,2026-03-31,5,5,2026-04-05,47
50,SKU4,1,2026-04-28,5,2,2026-04-30,56
51,SKU4,1,2026-06-16,5,5,2026-06-21,69
52,SKU5,4,2025-12-16,10,10,2025-12-26,58
53,SKU5,4,2026-05-26,10,10,2026-06-05,72
54,SKU6,3,2025-07-01,14,16,2025-07-17,60
55,SKU6,3,2025-07-08,14,21,2025-07-29,42
56,SKU7,4,2025-09-09,22,23,2025-10-02,11
57,SKU7,4,2025-09-23,22,20,2025-10-13,11
58,SKU7,4,2025-09-30,22,23,2025-10-23,11
59,SKU7,4,2025-10-14,22,19,2025-11-02,10
60,SKU7,4,2025-10-21,22,20,2025-11-10,10
61,SKU7,4,2025-10-28,22,21,2025-11-18,14
62,SKU7,4,2025-11-04,22,22,2025-11-26,12
63,SKU7,4,2025-11-11,22,20,2025-12-01,10
64,SKU7,4,2025-11-18,22,21,2025-12-09,11
65,SKU7,4,2025-11-25,22,21,2025-12-16,11
66,SKU7,4,2025-12-02,22,23,2025-12-25,10
67,SKU7,4,2025-12-09,22,21,2025-12-30,10
68,SKU7,4,2025-12-16,22,22,2026-01-07,12
69,SKU7,4,2025-12-30,22,19,2026-01-18,10
70,SKU7,4,2026-01-06,22,21,2026-01-27,11
71,SKU7,4,2026-01-13,22,22,2026-02-04,12
72,SKU7,4,2026-01-20,22,21,2026-02-10,12
73,SKU7,4,2026-01-27,22,21,2026-02-17,11
74,SKU7,4,2026-02-10,22,22,2026-03-04,10
75,SKU7,4,2026-02-17,22,22,2026-03-11,10
76,SKU7,4,2026-02-24,22,20,2026-03-16,11
77,SKU7,4,2026-03-03,22,23,2026-03-26,11
78,SKU7,4,2026-03-10,22,21,2026-03-31,11
79,SKU7,4,2026-03-17,22,18,2026-04-04,10
80,SKU7,4,2026-03-24,22,23,2026-04-16,10
81,SKU7,4,2026-03-31,22,21,2026-04-21,13
82,SKU7,4,2026-04-07,22,22,2026-04-29,11
83,SKU7,4,2026-04-21,22,22,2026-05-13,11
84,SKU7,4,2026-04-28,22,21,2026-05-19,10
85,SKU7,4,2026-05-05,22,22,2026-05-27,11
86,SKU7,4,2026-05-12,22,20,2026-06-01,10
87,SKU7,4,2026-05-19,22,23,2026-06-11,13
88,SKU7,4,2026-05-26,22,22,2026-06-17,12
89,SKU8,4,2025-07-08,13,15,2025-07-23,16
90,SKU8,4,2025-08-05,13,13,2025-08-18,15
91,SKU8,4,2025-09-30,13,11,2025-10-11,18
92,SKU8,4,2025-10-07,13,11,2025-10-18,18
93,SKU8,4,2025-12-16,13,9,2025-12-25,16
94,SKU8,4,2026-01-13,13,12,2026-01-25,13
95,SKU8,4,2026-01-20,13,12,2026-02-01,14
96,SKU8,4,2026-04-07,13,14,2026-04-21,12
97,SKU8,4,2026-04-21,13,12,2026-05-03,14
98,SKU8,4,2026-04-28,13,14,2026-05-12,15
99,SKU9,2,2025-07-01,29,36,2025-08-06,75
100,SKU9,2,2025-07-08,29,28,2025-08-05,76
101,SKU9,2,2025-07-15,29,30,2025-08-14,81
102,SKU9,2,2025-07-22,29,31,2025-08-22,81
103,SKU9,2,2025-07-29,29,32,2025-08-30,83
104,SKU9,2,2025-11-11,29,30,2025-12-11,77
105,SKU9,2,2025-11-25,29,32,2025-12-27,80
106,SKU9,2,2025-12-02,29,29,2025-12-31,73
107,SKU9,2,2025-12-09,29,28,2026-01-06,97
108,SKU9,2,2025-12-16,29,31,2026-01-16,75
109,SKU9,2,2025-12-23,29,31,2026-01-23,92
110,SKU9,2,2026-04-21,29,31,2026-05-22,86
111,SKU9,2,2026-04-28,29,34,2026-06-01,97
112,SKU9,2,2026-05-05,29,31,2026-06-05,80
113,SKU9,2,2026-05-12,29,34,2026-06-15,68
114,SKU9,2,2026-05-26,29,27,2026-06-22,89
115,SKU10,5,2025-07-01,18,20,2025-07-21,69
116,SKU10,5,2025-07-08,18,17,2025-07-25,103
117,SKU10,5,2025-07-15,18,21,2025-08-05,88
118,SKU10,5,2025-10-14,18,18,2025-11-01,81
119,SKU10,5,2025-10-28,18,21,2025-11-18,84
120,SKU10,5,2025-11-11,18,20,2025-12-01,105
121,SKU10,5,2025-11-25,18,21,2025-12-16,74
122,SKU10,5,2026-01-13,18,19,2026-02-01,56
123,SKU10,5,2026-01-20,18,20,2026-02-09,86
124,SKU10,5,2026-01-27,18,19,2026-02-15,71
125,SKU10,5,2026-02-03,18,17,2026-02-20,76
126,SKU10,5,2026-03-31,18,20,2026-04-20,76
127,SKU10,5,2026-04-07,18,21,2026-04-28,99
128,SKU10,5,2026-04-21,18,17,2026-05-08,62
129,SKU11,2,2025-07-01,28,27,2025-07-28,59
130,SKU11,2,2025-07-08,28,25,2025-08-02,54
131,SKU11,2,2025-07-15,28,27,2025-08-11,46
132,SKU11,2,2025-07-22,28,33,2025-08-24,54
133,SKU11,2,2025-07-29,28,24,2025-08-22,55
134,SKU11,2,2025-08-05,28,27,2025-09-01,79
135,SKU11,2,2025-10-28,28,35,2025-12-02,49
136,SKU11,2,2025-11-04,28,33,2025-12-07,66
137,SKU11,2,2025-11-11,28,22,2025-12-03,60
138,SKU11,2,2025-11-18,28,23,2025-12-11,62
139,SKU11,2,2025-11-25,28,29,2025-12-24,54
140,SKU11,2,2026-02-03,28,30,2026-03-05,65
141,SKU11,2,2026-02-10,28,31,2026-03-13,76
142,SKU11,2,2026-02-17,28,28,2026-03-17,67
143,SKU11,2,2026-03-03,28,29,2026-04-01,62
144,SKU11,2,2026-05-12,28,25,2026-06-06,42
145,SKU11,2,2026-05-19,28,32,2026-06-20,80
146,SKU11,2,2026-05-26,28,29,2026-06-24,64
147,SKU11,2,2026-06-02,28,37,2026-07-09,60
148,SKU11,2,2026-06-09,28,29,2026-07-08,69
149,SKU11,2,2026-06-16,28,29,2026-07-15,76
150,SKU12,4,2025-10-28,3,5,2025-11-02,89
151,SKU12,4,2026-01-13,3,4,2026-01-17,99
152,SKU12,4,2026-04-28,3,2,2026-04-30,116
153,SKU13,5,2025-09-30,23,22,2025-10-22,36
154,SKU13,5,2025-10-07,23,23,2025-10-30,62
155,SKU13,5,2025-10-14,23,26,2025-11-09,39
156,SKU13,5,2026-03-31,23,23,2026-04-23,53
157,SKU13,5,2026-04-07,23,24,2026-05-01,65
158,SKU13,5,2026-04-14,23,24,2026-05-08,37
159,SKU14,1,2025-07-01,25,28,2025-07-29,85
160,SKU14,1,2025-07-08,25,28,2025-08-05,74
161,SKU14,1,2025-07-15,25,24,2025-08-08,72
162,SKU14,1,2025-11-25,25,26,2025-12-21,59
163,SKU14,1,2025-12-02,25,22,2025-12-24,81
164,SKU14,1,2025-12-09,25,22,2025-12-31,61
165,SKU14,1,2025-12-16,25,23,2026-01-08,87
166,SKU14,1,2026-05-12,25,24,2026-06-05,82
167,SKU14,1,2026-05-19,25,25,2026-06-13,65
168,SKU14,1,2026-05-26,25,24,2026-06-19,77
169,SKU15,1,2025-07-01,14,15,2025-07-16,57
170,SKU15,1,2025-07-08,14,16,2025-07-24,74
171,SKU15,1,2025-10-07,14,14,2025-10-21,71
172,SKU15,1,2025-10-14,14,16,2025-10-30,44
173,SKU15,1,2025-12-30,14,12,2026-01-11,60
174,SKU15,1,2026-01-06,14,14,2026-01-20,69
175,SKU15,1,2026-04-14,14,13,2026-04-27,66
176,SKU15,1,2026-06-02,14,11,2026-06-13,71
177,SKU15,1,2026-06-09,14,13,2026-06-22,72
178,SKU16,1,2025-07-01,3,1,2025-07-02,78
179,SKU16,1,2025-09-30,3,3,2025-10-03,80
180,SKU16,1,2025-12-30,3,4,2026-01-03,87
181,SKU16,1,2026-04-14,3,2,2026-04-16,72
182,SKU17,1,2025-09-09,7,5,2025-09-14,79
183,SKU17,1,2026-04-14,7,6,2026-04-20,87
184,SKU18,2,2025-07-01,18,18,2025-07-19,52
185,SKU18,2,2025-07-08,18,20,2025-07-28,48
186,SKU18,2,2025-07-15,18,17,2025-08-01,50
187,SKU18,2,2025-09-23,18,20,2025-10-13,43
188,SKU18,2,2025-09-30,18,18,2025-10-18,45
189,SKU18,2,2025-10-07,18,23,2025-10-30,45
190,SKU18,2,2025-12-16,18,20,2026-01-05,41
191,SKU18,2,2025-12-30,18,20,2026-01-19,56
192,SKU18,2,2026-01-06,18,19,2026-01-25,41
193,SKU18,2,2026-01-13,18,17,2026-01-30,32
194,SKU18,2,2026-03-31,18,21,2026-04-21,38
195,SKU18,2,2026-04-07,18,21,2026-04-28,45
196,SKU18,2,2026-04-14,18,16,2026-04-30,46
197,SKU18,2,2026-04-21,18,17,2026-05-08,52
198,SKU19,4,2025-07-15,20,20,2025-08-04,91
199,SKU19,4,2026-01-13,20,19,2026-02-01,86
200,SKU19,4,2026-01-20,20,20,2026-02-09,114
201,SKU20,1,2025-07-01,29,27,2025-07-28,89
202,SKU20,1,2025-07-08,29,28,2025-08-05,51
203,SKU20,1,2025-07-15,29,30,2025-08-14,83
204,SKU20,1,2025-07-22,29,30,2025-08-21,80
205,SKU20,1,2026-06-02,29,28,2026-06-30,75
206,SKU20,1,2026-06-09,29,26,2026-07-05,63
207,SKU20,1,2026-06-16,29,28,2026-07-14,76
208,SKU20,1,2026-06-23,29,31,2026-07-24,64
209,SKU21,5,2025-07-22,19,20,2025-08-11,10
210,SKU21,5,2025-07-29,19,19,2025-08-17,10
211,SKU21,5,2025-08-05,19,22,2025-08-27,10
212,SKU21,5,2025-08-12,19,20,2025-09-01,10
213,SKU21,5,2025-08-19,19,21,2025-09-09,10
214,SKU21,5,2025-08-26,19,20,2025-09-15,10
215,SKU21,5,2025-09-02,19,19,2025-09-21,10
216,SKU21,5,2025-09-09,19,20,2025-09-29,10
217,SKU21,5,2025-09-16,19,20,2025-10-06,10
218,SKU21,5,2025-09-23,19,21,2025-10-14,10
219,SKU21,5,2025-09-30,19,20,2025-10-20,10
220,SKU21,5,2025-10-07,19,20,2025-10-27,10
221,SKU21,5,2025-10-14,19,22,2025-11-05,10
222,SKU21,5,2025-10-21,19,19,2025-11-09,10
223,SKU21,5,2025-10-28,19,18,2025-11-15,10
224,SKU21,5,2025-11-04,19,18,2025-11-22,10
225,SKU21,5,2025-11-11,19,20,2025-12-01,10
226,SKU21,5,2025-11-18,19,22,2025-12-10,10
227,SKU21,5,2025-11-25,19,21,2025-12-16,10
228,SKU21,5,2025-12-02,19,19,2025-12-21,10
229,SKU21,5,2025-12-09,19,20,2025-12-29,10
230,SKU21,5,2025-12-16,19,20,2026-01-05,10
231,SKU21,5,2025-12-23,19,20,2026-01-12,10
232,SKU21,5,2025-12-30,19,20,2026-01-19,10
233,SKU21,5,2026-01-06,19,19,2026-01-25,10
234,SKU21,5,2026-01-13,19,21,2026-02-03,10
235,SKU21,5,2026-01-20,19,20,2026-02-09,10
236,SKU21,5,2026-01-27,19,21,2026-02-17,10
237,SKU21,5,2026-02-03,19,20,2026-02-23,10
238,SKU21,5,2026-02-10,19,19,2026-03-01,10
239,SKU21,5,2026-02-17,19,19,2026-03-08,10
240,SKU21,5,2026-02-24,19,21,2026-03-17,10
241,SKU21,5,2026-03-03,19,19,2026-03-22,10
242,SKU21,5,2026-03-10,19,21,2026-03-31,10
243,SKU21,5,2026-03-17,19,20,2026-04-06,10
244,SKU21,5,2026-03-24,19,20,2026-04-13,10
245,SKU21,5,2026-03-31,19,18,2026-04-18,10
246,SKU21,5,2026-04-07,19,20,2026-04-27,10
247,SKU21,5,2026-04-14,19,21,2026-05-05,10
248,SKU21,5,2026-04-21,19,20,2026-05-11,10
249,SKU21,5,2026-04-28,19,19,2026-05-17,10
250,SKU21,5,2026-05-12,19,21,2026-06-02,10
251,SKU21,5,2026-05-19,19,22,2026-06-10,10
252,SKU21,5,2026-05-26,19,18,2026-06-13,10
253,SKU21,5,2026-06-02,19,19,2026-06-21,10
254,SKU21,5,2026-06-09,19,19,2026-06-28,10
255,SKU21,5,2026-06-16,19,23,2026-07-09,10
256,SKU21,5,2026-06-23,19,21,2026-07-14,10
257,SKU22,4,2025-07-01,22,22,2025-07-23,56
258,SKU22,4,2025-07-08,22,23,2025-07-31,48
259,SKU22,4,2025-07-15,22,23,2025-08-07,65
260,SKU22,4,2025-09-23,22,18,2025-10-11,80
261,SKU22,4,2025-09-30,22,20,2025-10-20,54
262,SKU22,4,2025-11-04,22,20,2025-11-24,61
263,SKU22,4,2025-11-11,22,21,2025-12-02,71
264,SKU22,4,2025-11-18,22,19,2025-12-07,59
265,SKU22,4,2025-11-25,22,20,2025-12-15,71
266,SKU22,4,2026-02-03,22,22,2026-02-25,62
267,SKU22,4,2026-02-10,22,22,2026-03-04,56
268,SKU22,4,2026-02-24,22,18,2026-03-14,63
269,SKU22,4,2026-03-10,22,24,2026-04-03,68
270,SKU22,4,2026-05-05,22,23,2026-05-28,62
271,SKU22,4,2026-05-19,22,21,2026-06-09,81
272,SKU22,4,2026-06-02,22,23,2026-06-25,67
273,SKU23,5,2025-09-09,11,14,2025-09-23,27
274,SKU23,5,2025-09-16,11,12,2025-09-28,26
275,SKU23,5,2025-11-25,11,15,2025-12-10,31
276,SKU23,5,2025-12-02,11,13,2025-12-15,37
277,SKU23,5,2026-01-13,11,11,2026-01-24,29
278,SKU23,5,2026-02-03,11,10,2026-02-13,32
279,SKU23,5,2026-02-24,11,13,2026-03-09,30
280,SKU23,5,2026-03-03,11,13,2026-03-16,29
281,SKU23,5,2026-04-07,11,11,2026-04-18,29
282,SKU23,5,2026-05-05,11,10,2026-05-15,26
283,SKU23,5,2026-06-02,11,10,2026-06-12,29
284,SKU24,2,2025-07-01,28,27,2025-07-28,10
285,SKU24,2,2025-07-08,28,29,2025-08-06,10
286,SKU24,2,2025-07-15,28,22,2025-08-06,10
287,SKU24,2,2025-07-22,28,31,2025-08-22,10
288,SKU24,2,2025-07-29,28,27,2025-08-25,10
289,SKU24,2,2025-09-23,28,30,2025-10-23,10
290,SKU24,2,2025-09-30,28,30,2025-10-30,10
291,SKU24,2,2025-10-07,28,29,2025-11-05,10
292,SKU24,2,2025-10-14,28,31,2025-11-14,10
293,SKU24,2,2025-10-21,28,38,2025-11-28,10
294,SKU24,2,2025-10-28,28,28,2025-11-25,10
295,SKU24,2,2025-12-30,28,33,2026-02-01,10
296,SKU24,2,2026-01-06,28,33,2026-02-08,10
297,SKU24,2,2026-01-13,28,33,2026-02-15,10
298,SKU24,2,2026-01-20,28,30,2026-02-19,10
299,SKU24,2,2026-01-27,28,25,2026-02-21,10
300,SKU24,2,2026-02-03,28,28,2026-03-03,10
301,SKU24,2,2026-02-10,28,21,2026-03-03,10
302,SKU24,2,2026-04-28,28,28,2026-05-26,10
303,SKU24,2,2026-05-05,28,33,2026-06-07,10
304,SKU24,2,2026-05-12,28,30,2026-06-11,10
305,SKU24,2,2026-05-19,28,25,2026-06-13,10
306,SKU24,2,2026-05-26,28,33,2026-06-28,10
307,SKU24,2,2026-06-02,28,24,2026-06-26,10
308,SKU25,4,2026-01-06,19,18,2026-01-24,52
309,SKU25,4,2026-01-13,19,22,2026-02-04,67
310,SKU25,4,2026-01-20,19,18,2026-02-07,55
311,SKU26,2,2025-07-08,26,24,2025-08-01,45
312,SKU26,2,2025-07-22,26,29,2025-08-20,52
313,SKU26,2,2025-11-11,26,27,2025-12-08,61
314,SKU26,2,2025-11-18,26,24,2025-12-12,50
315,SKU26,2,2025-11-25,26,25,2025-12-20,48
316,SKU26,2,2025-12-02,26,25,2025-12-27,58
317,SKU26,2,2026-05-19,26,29,2026-06-17,46
318,SKU26,2,2026-05-26,26,28,2026-06-23,49
319,SKU26,2,2026-06-02,26,24,2026-06-26,52
320,SKU26,2,2026-06-09,26,28,2026-07-07,41
321,SKU27,5,2025-07-01,25,24,2025-07-25,52
322,SKU27,5,2025-07-08,25,27,2025-08-04,70
323,SKU27,5,2025-07-15,25,24,2025-08-08,62
324,SKU27,5,2026-01-20,25,25,2026-02-14,69
325,SKU27,5,2026-01-27,25,26,2026-02-22,69
326,SKU27,5,2026-02-03,25,27,2026-03-02,58
327,SKU27,5,2026-02-10,25,27,2026-03-09,73
328,SKU28,1,2025-07-22,13,9,2025-07-31,29
329,SKU28,1,2025-08-19,13,12,2025-08-31,23
330,SKU28,1,2025-08-26,13,15,2025-09-10,22
331,SKU28,1,2025-09-30,13,14,2025-10-14,22
332,SKU28,1,2025-10-07,13,17,2025-10-24,28
333,SKU28,1,2025-11-11,13,13,2025-11-24,26
334,SKU28,1,2025-11-18,13,14,2025-12-02,25
335,SKU28,1,2025-12-16,13,13,2025-12-29,26
336,SKU28,1,2025-12-23,13,14,2026-01-06,24
337,SKU28,1,2025-12-30,13,13,2026-01-12,18
338,SKU28,1,2026-02-10,13,10,2026-02-20,24
339,SKU28,1,2026-02-24,13,13,2026-03-09,25
340,SKU28,1,2026-03-03,13,13,2026-03-16,22
341,SKU28,1,2026-03-31,13,15,2026-04-15,24
342,SKU28,1,2026-04-28,13,14,2026-05-12,24
343,SKU28,1,2026-05-05,13,15,2026-05-20,33
344,SKU29,1,2025-07-29,16,16,2025-08-14,78
345,SKU29,1,2025-08-05,16,17,2025-08-22,59
346,SKU29,1,2026-01-20,16,13,2026-02-02,66
347,SKU29,1,2026-04-21,16,19,2026-05-10,68
348,SKU29,1,2026-04-28,16,14,2026-05-12,74
349,SKU29,1,2026-05-05,16,17,2026-05-22,77
350,SKU30,4,2025-07-29,27,27,2025-08-25,30
351,SKU30,4,2025-08-05,27,24,2025-08-29,36
352,SKU30,4,2025-08-12,27,25,2025-09-06,37
353,SKU30,4,2025-08-19,27,29,2025-09-17,28
354,SKU30,4,2025-12-23,27,27,2026-01-19,28
355,SKU30,4,2025-12-30,27,25,2026-01-24,46
356,SKU30,4,2026-01-06,27,25,2026-01-31,38
357,SKU30,4,2026-01-13,27,28,2026-02-10,36
358,SKU30,4,2026-01-20,27,27,2026-02-16,36
359,SKU31,3,2025-07-01,24,29,2025-07-30,38
360,SKU31,3,2025-07-08,24,26,2025-08-03,42
361,SKU31,3,2025-07-15,24,22,2025-08-06,44
362,SKU31,3,2026-03-24,24,28,2026-04-21,52
363,SKU31,3,2026-03-31,24,23,2026-04-23,40
364,SKU31,3,2026-04-07,24,24,2026-05-01,52
365,SKU31,3,2026-04-14,24,30,2026-05-14,46
366,SKU32,3,2025-07-01,30,35,2025-08-05,83
367,SKU32,3,2025-07-08,30,28,2025-08-05,75
368,SKU32,3,2025-07-15,30,38,2025-08-22,85
369,SKU32,3,2025-07-22,30,32,2025-08-23,59
370,SKU32,3,2025-07-29,30,28,2025-08-26,56
371,SKU32,3,2025-11-25,30,29,2025-12-24,65
372,SKU32,3,2025-12-02,30,29,2025-12-31,83
373,SKU32,3,2025-12-09,30,31,2026-01-09,70
374,SKU32,3,2025-12-23,30,32,2026-01-24,78
375,SKU32,3,2026-04-07,30,28,2026-05-05,49
376,SKU32,3,2026-04-14,30,26,2026-05-10,65
377,SKU32,3,2026-04-21,30,26,2026-05-17,69
378,SKU32,3,2026-04-28,30,25,2026-05-23,43
379,SKU33,5,2025-07-01,1,3,2025-07-04,89
380,SKU33,5,2025-08-26,1,1,2025-08-27,67
381,SKU33,5,2025-10-14,1,2,2025-10-16,105
382,SKU33,5,2025-12-16,1,3,2025-12-19,98
383,SKU33,5,2026-01-27,1,1,2026-01-28,78
384,SKU33,5,2026-03-10,1,3,2026-03-13,85
385,SKU33,5,2026-04-28,1,4,2026-05-02,101
386,SKU34,1,2025-07-01,4,4,2025-07-05,20
387,SKU34,1,2025-07-15,4,4,2025-07-19,22
388,SKU34,1,2025-08-05,4,3,2025-08-08,20
389,SKU34,1,2025-08-19,4,5,2025-08-24,21
390,SKU34,1,2025-09-02,4,5,2025-09-07,20
391,SKU34,1,2025-09-23,4,5,2025-09-28,18
392,SKU34,1,2025-10-14,4,5,2025-10-19,25
393,SKU34,1,2025-10-28,4,3,2025-10-31,23
394,SKU34,1,2025-11-18,4,4,2025-11-22,22
395,SKU34,1,2025-12-02,4,2,2025-12-04,19
396,SKU34,1,2025-12-16,4,4,2025-12-20,17
397,SKU34,1,2025-12-30,4,5,2026-01-04,20
398,SKU34,1,2026-01-13,4,2,2026-01-15,18
399,SKU34,1,2026-01-27,4,3,2026-01-30,25
400,SKU34,1,2026-02-10,4,3,2026-02-13,21
401,SKU34,1,2026-02-24,4,4,2026-02-28,16
402,SKU34,1,2026-03-03,4,3,2026-03-06,21
403,SKU34,1,2026-03-17,4,5,2026-03-22,18
404,SKU34,1,2026-03-31,4,3,2026-04-03,18
405,SKU34,1,2026-04-14,4,1,2026-04-15,21
406,SKU34,1,2026-05-05,4,3,2026-05-08,13
407,SKU34,1,2026-05-12,4,2,2026-05-14,23
408,SKU34,1,2026-06-02,4,3,2026-06-05,21
409,SKU34,1,2026-06-23,4,2,2026-06-25,21
410,SKU35,1,2025-07-22,3,4,2025-07-26,73
411,SKU35,1,2025-09-16,3,1,2025-09-17,83
412,SKU35,1,2025-12-09,3,4,2025-12-13,91
413,SKU35,1,2026-01-27,3,1,2026-01-28,82
414,SKU35,1,2026-04-07,3,3,2026-04-10,71
415,SKU35,1,2026-06-09,3,5,2026-06-14,104
416,SKU36,2,2025-07-01,26,23,2025-07-24,26
417,SKU36,2,2025-07-08,26,33,2025-08-10,25
418,SKU36,2,2025-07-15,26,30,2025-08-14,30
419,SKU36,2,2025-07-22,26,30,2025-08-21,28
420,SKU36,2,2025-07-29,26,24,2025-08-22,27
421,SKU36,2,2025-08-12,26,30,2025-09-11,33
422,SKU36,2,2025-08-19,26,24,2025-09-12,29
423,SKU36,2,2025-08-26,26,23,2025-09-18,35
424,SKU36,2,2025-09-02,26,28,2025-09-30,34
425,SKU36,2,2025-09-09,26,27,2025-10-06,35
426,SKU36,2,2025-09-23,26,28,2025-10-21,33
427,SKU36,2,2025-09-30,26,21,2025-10-21,29
428,SKU36,2,2025-11-04,26,30,2025-12-04,35
429,SKU36,2,2025-11-11,26,25,2025-12-06,28
430,SKU36,2,2025-11-18,26,25,2025-12-13,28
431,SKU36,2,2025-11-25,26,28,2025-12-23,28
432,SKU36,2,2025-12-02,26,28,2025-12-30,31
433,SKU36,2,2025-12-09,26,24,2026-01-02,24
434,SKU36,2,2025-12-16,26,30,2026-01-15,28
435,SKU36,2,2025-12-30,26,26,2026-01-25,18
436,SKU36,2,2026-01-06,26,26,2026-02-01,28
437,SKU36,2,2026-01-13,26,22,2026-02-04,27
438,SKU36,2,2026-01-20,26,27,2026-02-16,24
439,SKU36,2,2026-01-27,26,25,2026-02-21,29
440,SKU36,2,2026-02-03,26,28,2026-03-03,28
441,SKU36,2,2026-02-10,26,25,2026-03-07,32
442,SKU36,2,2026-02-17,26,27,2026-03-16,29
443,SKU36,2,2026-02-24,26,24,2026-03-20,24
444,SKU36,2,2026-03-03,26,25,2026-03-28,25
445,SKU36,2,2026-03-10,26,28,2026-04-07,28
446,SKU36,2,2026-04-28,26,27,2026-05-25,26
447,SKU36,2,2026-06-02,26,27,2026-06-29,30
448,SKU36,2,2026-06-09,26,23,2026-07-02,26
449,SKU36,2,2026-06-16,26,30,2026-07-16,26
450,SKU36,2,2026-06-23,26,27,2026-07-20,28
451,SKU37,3,2025-07-01,24,24,2025-07-25,24
452,SKU37,3,2025-07-08,24,29,2025-08-06,18
453,SKU37,3,2025-07-15,24,22,2025-08-06,22
454,SKU37,3,2025-07-22,24,22,2025-08-13,18
455,SKU37,3,2025-07-29,24,21,2025-08-19,20
456,SKU37,3,2025-08-05,24,24,2025-08-29,18
457,SKU37,3,2025-08-12,24,22,2025-09-03,21
458,SKU37,3,2025-08-19,24,22,2025-09-10,27
459,SKU37,3,2025-08-26,24,23,2025-09-18,21
460,SKU37,3,2025-09-02,24,27,2025-09-29,25
461,SKU37,3,2025-09-09,24,23,2025-10-02,15
462,SKU37,3,2025-09-16,24,24,2025-10-10,17
463,SKU37,3,2025-09-23,24,20,2025-10-13,24
464,SKU37,3,2025-09-30,24,19,2025-10-19,14
465,SKU37,3,2025-10-14,24,22,2025-11-05,23
466,SKU37,3,2025-10-21,24,25,2025-11-15,17
467,SKU37,3,2025-10-28,24,19,2025-11-16,21
468,SKU37,3,2025-11-04,24,23,2025-11-27,17
469,SKU37,3,2025-11-11,24,21,2025-12-02,21
470,SKU37,3,2025-11-18,24,24,2025-12-12,21
471,SKU37,3,2025-11-25,24,24,2025-12-19,22
472,SKU37,3,2025-12-02,24,25,2025-12-27,24
473,SKU37,3,2025-12-09,24,19,2025-12-28,22
474,SKU37,3,2025-12-16,24,19,2026-01-04,25
475,SKU37,3,2025-12-23,24,26,2026-01-18,21
476,SKU37,3,2025-12-30,24,28,2026-01-27,29
477,SKU37,3,2026-01-13,24,15,2026-01-28,25
478,SKU37,3,2026-01-20,24,18,2026-02-07,23
479,SKU37,3,2026-02-03,24,27,2026-03-02,24
480,SKU37,3,2026-02-10,24,27,2026-03-09,18
481,SKU37,3,2026-02-17,24,22,2026-03-11,24
482,SKU37,3,2026-02-24,24,24,2026-03-20,22
483,SKU37,3,2026-03-03,24,24,2026-03-27,18
484,SKU37,3,2026-03-10,24,23,2026-04-02,19
485,SKU37,3,2026-03-17,24,29,2026-04-15,24
486,SKU37,3,2026-03-24,24,24,2026-04-17,21
487,SKU37,3,2026-03-31,24,30,2026-04-30,23
488,SKU37,3,2026-04-07,24,26,2026-05-03,20
489,SKU37,3,2026-04-14,24,21,2026-05-05,19
490,SKU37,3,2026-04-21,24,22,2026-05-13,27
491,SKU37,3,2026-04-28,24,29,2026-05-27,21
492,SKU37,3,2026-05-05,24,26,2026-05-31,26
493,SKU37,3,2026-05-12,24,23,2026-06-04,17
494,SKU37,3,2026-05-19,24,26,2026-06-14,26
495,SKU37,3,2026-05-26,24,26,2026-06-21,18
496,SKU37,3,2026-06-02,24,22,2026-06-24,23
497,SKU37,3,2026-06-09,24,24,2026-07-03,24
498,SKU38,5,2025-08-05,10,11,2025-08-16,78
499,SKU38,5,2025-09-30,10,13,2025-10-13,97
500,SKU38,5,2025-10-07,10,10,2025-10-17,88
501,SKU38,5,2026-01-06,10,9,2026-01-15,95
502,SKU38,5,2026-02-10,10,9,2026-02-19,107
503,SKU38,5,2026-04-07,10,11,2026-04-18,88
504,SKU38,5,2026-04-14,10,11,2026-04-25,83
505,SKU39,2,2025-11-11,30,32,2025-12-13,39
506,SKU39,2,2025-11-18,30,34,2025-12-22,41
507,SKU39,2,2025-11-25,30,32,2025-12-27,34
508,SKU39,2,2025-12-02,30,33,2026-01-04,34
509,SKU39,2,2025-12-09,30,32,2026-01-10,32
510,SKU40,1,2025-07-22,18,18,2025-08-09,35
511,SKU40,1,2025-07-29,18,16,2025-08-14,32
512,SKU40,1,2025-08-05,18,17,2025-08-22,43
513,SKU40,1,2025-09-16,18,18,2025-10-04,37
514,SKU40,1,2025-09-23,18,17,2025-10-10,39
515,SKU40,1,2025-09-30,18,14,2025-10-14,39
516,SKU40,1,2025-11-04,18,18,2025-11-22,42
517,SKU40,1,2025-11-11,18,20,2025-12-01,45
518,SKU40,1,2025-11-18,18,19,2025-12-07,55
519,SKU40,1,2025-11-25,18,17,2025-12-12,42
520,SKU40,1,2026-01-13,18,16,2026-01-29,43
521,SKU40,1,2026-01-20,18,18,2026-02-07,43
522,SKU40,1,2026-01-27,18,16,2026-02-12,40
523,SKU40,1,2026-02-03,18,17,2026-02-20,40
524,SKU40,1,2026-02-24,18,17,2026-03-13,39
525,SKU40,1,2026-03-03,18,19,2026-03-22,44
526,SKU40,1,2026-03-17,18,19,2026-04-05,40
527,SKU40,1,2026-04-28,18,17,2026-05-15,34
528,SKU40,1,2026-05-19,18,17,2026-06-05,44
529,SKU40,1,2026-05-26,18,16,2026-06-11,40
530,SKU40,1,2026-06-02,18,17,2026-06-19,32
531,SKU41,4,2025-07-15,18,17,2025-08-01,38
532,SKU41,4,2025-07-22,18,21,2025-08-12,50
533,SKU41,4,2025-09-30,18,17,2025-10-17,35
534,SKU41,4,2025-10-21,18,18,2025-11-08,35
535,SKU41,4,2025-10-28,18,18,2025-11-15,36
536,SKU41,4,2025-11-04,18,19,2025-11-23,45
537,SKU41,4,2025-11-11,18,21,2025-12-02,42
538,SKU41,4,2026-01-06,18,18,2026-01-24,30
539,SKU41,4,2026-01-13,18,18,2026-01-31,39
540,SKU41,4,2026-01-20,18,18,2026-02-07,47
541,SKU41,4,2026-01-27,18,17,2026-02-13,31
542,SKU41,4,2026-04-21,18,16,2026-05-07,39
543,SKU41,4,2026-04-28,18,18,2026-05-16,30
544,SKU41,4,2026-06-16,18,15,2026-07-01,36
545,SKU41,4,2026-06-23,18,19,2026-07-12,39
546,SKU42,5,2025-07-01,26,27,2025-07-28,56
547,SKU42,5,2025-07-08,26,30,2025-08-07,57
548,SKU42,5,2025-07-15,26,30,2025-08-14,56
549,SKU42,5,2025-07-22,26,25,2025-08-16,42
550,SKU43,5,2025-07-15,1,3,2025-07-18,98
551,SKU43,5,2025-09-30,1,3,2025-10-03,86
552,SKU43,5,2025-11-18,1,1,2025-11-19,92
553,SKU43,5,2026-01-06,1,1,2026-01-07,87
554,SKU43,5,2026-03-03,1,1,2026-03-04,95
555,SKU43,5,2026-05-12,1,3,2026-05-15,95
556,SKU44,2,2025-07-01,7,4,2025-07-05,44
557,SKU44,2,2025-07-08,7,10,2025-07-18,79
558,SKU44,2,2025-08-19,7,3,2025-08-22,76
559,SKU44,2,2025-09-23,7,5,2025-09-28,86
560,SKU44,2,2025-10-28,7,15,2025-11-12,84
561,SKU44,2,2025-11-04,7,6,2025-11-10,66
562,SKU44,2,2025-12-23,7,7,2025-12-30,62
563,SKU44,2,2026-01-13,7,11,2026-01-24,73
564,SKU44,2,2026-01-20,7,7,2026-01-27,68
565,SKU44,2,2026-03-03,7,7,2026-03-10,62
566,SKU44,2,2026-03-17,7,4,2026-03-21,59
567,SKU44,2,2026-04-14,7,8,2026-04-22,84
568,SKU44,2,2026-05-26,7,6,2026-06-01,86
569,SKU46,3,2025-07-15,18,20,2025-08-04,10
570,SKU46,3,2025-07-22,18,17,2025-08-08,10
571,SKU46,3,2025-07-29,18,22,2025-08-20,10
572,SKU46,3,2025-08-05,18,23,2025-08-28,10
573,SKU46,3,2025-08-19,18,16,2025-09-04,10
574,SKU46,3,2025-08-26,18,18,2025-09-13,10
575,SKU46,3,2025-09-02,18,14,2025-09-16,10
576,SKU46,3,2025-09-16,18,20,2025-10-06,10
577,SKU46,3,2025-09-30,18,17,2025-10-17,10
578,SKU46,3,2025-10-07,18,18,2025-10-25,10
579,SKU46,3,2025-10-14,18,18,2025-11-01,10
580,SKU46,3,2025-10-21,18,12,2025-11-02,10
581,SKU46,3,2025-10-28,18,23,2025-11-20,10
582,SKU46,3,2025-11-04,18,16,2025-11-20,10
583,SKU46,3,2025-11-11,18,22,2025-12-03,10
584,SKU46,3,2025-11-18,18,20,2025-12-08,10
585,SKU46,3,2025-11-25,18,20,2025-12-15,10
586,SKU46,3,2025-12-02,18,18,2025-12-20,10
587,SKU46,3,2025-12-09,18,21,2025-12-30,10
588,SKU46,3,2025-12-16,18,18,2026-01-03,10
589,SKU46,3,2025-12-23,18,16,2026-01-08,10
590,SKU46,3,2025-12-30,18,19,2026-01-18,10
591,SKU46,3,2026-01-06,18,22,2026-01-28,10
592,SKU46,3,2026-01-13,18,17,2026-01-30,10
593,SKU46,3,2026-01-20,18,14,2026-02-03,10
594,SKU46,3,2026-01-27,18,17,2026-02-13,10
595,SKU46,3,2026-02-03,18,18,2026-02-21,10
596,SKU46,3,2026-02-10,18,23,2026-03-05,10
597,SKU46,3,2026-02-17,18,15,2026-03-04,10
598,SKU46,3,2026-02-24,18,20,2026-03-16,10
599,SKU46,3,2026-03-03,18,17,2026-03-20,10
600,SKU46,3,2026-03-10,18,17,2026-03-27,10
601,SKU46,3,2026-03-17,18,19,2026-04-05,10
602,SKU46,3,2026-03-24,18,25,2026-04-18,10
603,SKU46,3,2026-03-31,18,22,2026-04-22,10
604,SKU46,3,2026-04-07,18,18,2026-04-25,10
605,SKU46,3,2026-04-14,18,15,2026-04-29,10
606,SKU46,3,2026-04-28,18,19,2026-05-17,10
607,SKU46,3,2026-05-05,18,15,2026-05-20,10
608,SKU46,3,2026-05-12,18,21,2026-06-02,10
609,SKU46,3,2026-05-19,18,17,2026-06-05,10
610,SKU46,3,2026-05-26,18,16,2026-06-11,10
611,SKU46,3,2026-06-02,18,19,2026-06-21,10
612,SKU46,3,2026-06-09,18,16,2026-06-25,10
613,SKU46,3,2026-06-16,18,14,2026-06-30,10
614,SKU47,1,2025-07-08,10,8,2025-07-16,34
615,SKU47,1,2025-07-15,10,10,2025-07-25,38
616,SKU47,1,2025-07-29,10,9,2025-08-07,64
617,SKU47,1,2025-09-02,10,8,2025-09-10,65
618,SKU47,1,2025-10-21,10,8,2025-10-29,66
619,SKU47,1,2025-11-11,10,11,2025-11-22,56
620,SKU47,1,2025-11-18,10,10,2025-11-28,59
621,SKU47,1,2025-12-30,10,8,2026-01-07,57
622,SKU47,1,2026-01-13,10,11,2026-01-24,60
623,SKU47,1,2026-01-20,10,7,2026-01-27,58
624,SKU47,1,2026-03-03,10,10,2026-03-13,50
625,SKU47,1,2026-03-17,10,9,2026-03-26,38
626,SKU47,1,2026-03-31,10,10,2026-04-10,39
627,SKU47,1,2026-04-14,10,11,2026-04-25,50
628,SKU47,1,2026-04-21,10,12,2026-05-03,53
629,SKU47,1,2026-06-09,10,11,2026-06-20,43
630,SKU47,1,2026-06-16,10,12,2026-06-28,42
631,SKU48,2,2026-03-10,9,13,2026-03-23,10
632,SKU48,2,2026-03-17,9,8,2026-03-25,10
633,SKU50,2,2025-07-01,20,19,2025-07-20,73
634,SKU50,2,2025-07-08,20,22,2025-07-30,64
635,SKU50,2,2025-07-15,20,19,2025-08-03,83
636,SKU50,2,2025-11-04,20,21,2025-11-25,73
637,SKU50,2,2025-11-11,20,23,2025-12-04,89
638,SKU50,2,2026-01-20,20,19,2026-02-08,104
639,SKU50,2,2026-02-03,20,23,2026-02-26,73
640,SKU50,2,2026-05-05,20,18,2026-05-23,63
641,SKU50,2,2026-05-19,20,20,2026-06-08,82
642,SKU51,5,2026-01-13,18,18,2026-01-31,51
643,SKU51,5,2026-01-27,18,21,2026-02-17,57
644,SKU52,1,2025-07-15,10,10,2025-07-25,11
645,SKU52,1,2025-07-22,10,8,2025-07-30,10
646,SKU52,1,2025-07-29,10,10,2025-08-08,12
647,SKU52,1,2025-08-05,10,11,2025-08-16,10
648,SKU52,1,2025-08-12,10,10,2025-08-22,11
649,SKU52,1,2025-08-19,10,11,2025-08-30,11
650,SKU52,1,2025-08-26,10,8,2025-09-03,11
651,SKU52,1,2025-09-02,10,8,2025-09-10,11
652,SKU52,1,2025-09-09,10,8,2025-09-17,10
653,SKU52,1,2025-09-16,10,11,2025-09-27,10
654,SKU52,1,2025-10-07,10,7,2025-10-14,11
655,SKU52,1,2025-10-14,10,9,2025-10-23,12
656,SKU52,1,2025-10-21,10,10,2025-10-31,11
657,SKU52,1,2025-10-28,10,8,2025-11-05,12
658,SKU52,1,2025-11-04,10,8,2025-11-12,11
659,SKU52,1,2025-11-11,10,11,2025-11-22,11
660,SKU52,1,2025-11-25,10,8,2025-12-03,14
661,SKU52,1,2025-12-02,10,8,2025-12-10,10
662,SKU52,1,2025-12-09,10,10,2025-12-19,10
663,SKU52,1,2025-12-16,10,10,2025-12-26,11
664,SKU52,1,2025-12-23,10,11,2026-01-03,10
665,SKU52,1,2025-12-30,10,9,2026-01-08,13
666,SKU52,1,2026-01-06,10,9,2026-01-15,10
667,SKU52,1,2026-01-13,10,10,2026-01-23,12
668,SKU52,1,2026-01-20,10,9,2026-01-29,15
669,SKU52,1,2026-01-27,10,12,2026-02-08,11
670,SKU52,1,2026-02-03,10,9,2026-02-12,12
671,SKU52,1,2026-02-10,10,11,2026-02-21,14
672,SKU52,1,2026-02-17,10,10,2026-02-27,11
673,SKU52,1,2026-02-24,10,7,2026-03-03,11
674,SKU52,1,2026-03-03,10,10,2026-03-13,11
675,SKU52,1,2026-03-10,10,8,2026-03-18,10
676,SKU52,1,2026-03-17,10,7,2026-03-24,11
677,SKU52,1,2026-03-24,10,10,2026-04-03,10
678,SKU52,1,2026-04-14,10,14,2026-04-28,10
679,SKU52,1,2026-04-21,10,7,2026-04-28,11
680,SKU52,1,2026-04-28,10,8,2026-05-06,11
681,SKU52,1,2026-05-05,10,12,2026-05-17,11
682,SKU52,1,2026-05-12,10,10,2026-05-22,11
683,SKU52,1,2026-05-19,10,7,2026-05-26,11
684,SKU52,1,2026-05-26,10,8,2026-06-03,11
685,SKU52,1,2026-06-02,10,10,2026-06-12,10
686,SKU52,1,2026-06-09,10,11,2026-06-20,11
687,SKU52,1,2026-06-16,10,12,2026-06-28,12
688,SKU53,1,2025-11-11,1,1,2025-11-12,51
689,SKU53,1,2026-02-17,1,2,2026-02-19,38
690,SKU53,1,2026-04-07,1,1,2026-04-08,54
691,SKU54,1,2025-07-01,26,24,2025-07-25,45
692,SKU54,1,2025-07-08,26,24,2025-08-01,67
693,SKU54,1,2025-07-15,26,24,2025-08-08,59
694,SKU54,1,2025-07-22,26,24,2025-08-15,53
695,SKU54,1,2025-11-04,26,28,2025-12-02,75
696,SKU54,1,2025-11-11,26,28,2025-12-09,55
697,SKU54,1,2025-11-18,26,24,2025-12-12,60
698,SKU54,1,2025-11-25,26,24,2025-12-19,70
699,SKU54,1,2026-03-10,26,24,2026-04-03,56
700,SKU54,1,2026-03-17,26,27,2026-04-13,71
701,SKU54,1,2026-03-24,26,25,2026-04-18,54
702,SKU54,1,2026-04-07,26,27,2026-05-04,64
703,SKU55,2,2025-07-15,27,32,2025-08-16,10
704,SKU55,2,2025-07-22,27,27,2025-08-18,11
705,SKU55,2,2025-08-05,27,26,2025-08-31,11
706,SKU55,2,2025-08-12,27,30,2025-09-11,10
707,SKU55,2,2025-08-19,27,34,2025-09-22,11
708,SKU55,2,2025-08-26,27,32,2025-09-27,12
709,SKU55,2,2025-09-02,27,29,2025-10-01,12
710,SKU55,2,2025-09-09,27,28,2025-10-07,13
711,SKU55,2,2025-09-16,27,31,2025-10-17,12
712,SKU55,2,2025-09-23,27,33,2025-10-26,10
713,SKU55,2,2025-10-07,27,32,2025-11-08,11
714,SKU55,2,2025-10-14,27,28,2025-11-11,11
715,SKU55,2,2025-10-21,27,31,2025-11-21,10
716,SKU55,2,2025-10-28,27,26,2025-11-23,11
717,SKU55,2,2025-11-04,27,30,2025-12-04,12
718,SKU55,2,2025-11-11,27,30,2025-12-11,11
719,SKU55,2,2025-11-18,27,29,2025-12-17,11
720,SKU55,2,2025-11-25,27,27,2025-12-22,11
721,SKU55,2,2025-12-02,27,26,2025-12-28,11
722,SKU55,2,2025-12-09,27,31,2026-01-09,12
723,SKU55,2,2025-12-16,27,25,2026-01-10,11
724,SKU55,2,2025-12-23,27,33,2026-01-25,11
725,SKU55,2,2025-12-30,27,28,2026-01-27,11
726,SKU55,2,2026-01-06,27,28,2026-02-03,12
727,SKU55,2,2026-01-27,27,30,2026-02-26,11
728,SKU55,2,2026-02-10,27,27,2026-03-09,10
729,SKU55,2,2026-02-17,27,32,2026-03-21,12
730,SKU55,2,2026-02-24,27,30,2026-03-26,12
731,SKU55,2,2026-03-03,27,31,2026-04-03,11
732,SKU55,2,2026-03-10,27,27,2026-04-06,10
733,SKU55,2,2026-03-17,27,27,2026-04-13,10
734,SKU55,2,2026-03-24,27,25,2026-04-18,11
735,SKU55,2,2026-03-31,27,28,2026-04-28,11
736,SKU55,2,2026-04-07,27,23,2026-04-30,11
737,SKU55,2,2026-04-14,27,27,2026-05-11,13
738,SKU55,2,2026-04-21,27,32,2026-05-23,11
739,SKU55,2,2026-05-05,27,29,2026-06-03,11
740,SKU55,2,2026-05-12,27,28,2026-06-09,11
741,SKU55,2,2026-05-19,27,25,2026-06-13,10
742,SKU55,2,2026-05-26,27,28,2026-06-23,11
743,SKU55,2,2026-06-02,27,29,2026-07-01,10
744,SKU55,2,2026-06-09,27,30,2026-07-09,10
745,SKU55,2,2026-06-16,27,25,2026-07-11,10
746,SKU55,2,2026-06-23,27,27,2026-07-20,10
747,SKU56,1,2025-07-01,24,25,2025-07-26,78
748,SKU56,1,2025-07-08,24,22,2025-07-30,87
749,SKU56,1,2025-07-15,24,24,2025-08-08,70
750,SKU57,2,2025-07-01,21,23,2025-07-24,41
751,SKU57,2,2025-07-08,21,23,2025-07-31,57
752,SKU57,2,2025-07-15,21,22,2025-08-06,58
753,SKU57,2,2026-01-13,21,29,2026-02-11,63
754,SKU57,2,2026-01-20,21,20,2026-02-09,55
755,SKU57,2,2026-01-27,21,18,2026-02-14,47
756,SKU57,2,2026-02-03,21,17,2026-02-20,60
757,SKU58,3,2025-07-01,18,22,2025-07-23,45
758,SKU58,3,2025-07-08,18,18,2025-07-26,37
759,SKU58,3,2025-07-15,18,15,2025-07-30,47
760,SKU58,3,2025-07-22,18,21,2025-08-12,48
761,SKU58,3,2025-09-09,18,18,2025-09-27,38
762,SKU58,3,2025-09-23,18,16,2025-10-09,44
763,SKU58,3,2025-09-30,18,23,2025-10-23,44
764,SKU58,3,2025-10-07,18,26,2025-11-02,46
765,SKU58,3,2025-10-14,18,15,2025-10-29,52
766,SKU58,3,2025-10-21,18,15,2025-11-05,45
767,SKU58,3,2025-12-16,18,14,2025-12-30,49
768,SKU58,3,2025-12-23,18,17,2026-01-09,56
769,SKU58,3,2025-12-30,18,23,2026-01-22,45
770,SKU58,3,2026-01-13,18,22,2026-02-04,47
771,SKU58,3,2026-02-17,18,19,2026-03-08,39
772,SKU58,3,2026-02-24,18,15,2026-03-11,44
773,SKU58,3,2026-03-03,18,21,2026-03-24,43
774,SKU58,3,2026-03-17,18,17,2026-04-03,48
775,SKU58,3,2026-04-21,18,16,2026-05-07,49
776,SKU58,3,2026-04-28,18,19,2026-05-17,31
777,SKU58,3,2026-05-26,18,15,2026-06-10,36
778,SKU58,3,2026-06-02,18,16,2026-06-18,48
779,SKU59,1,2025-09-30,11,10,2025-10-10,30
780,SKU59,1,2025-10-21,11,11,2025-11-01,26
781,SKU59,1,2025-10-28,11,15,2025-11-12,27
782,SKU59,1,2025-11-04,11,9,2025-11-13,30
783,SKU59,1,2025-12-09,11,12,2025-12-21,29
784,SKU59,1,2025-12-16,11,10,2025-12-26,26
785,SKU59,1,2026-01-13,11,11,2026-01-24,29
786,SKU59,1,2026-01-20,11,11,2026-01-31,24
787,SKU59,1,2026-02-24,11,10,2026-03-06,26
788,SKU59,1,2026-03-24,11,12,2026-04-05,26
789,SKU59,1,2026-03-31,11,14,2026-04-14,26
790,SKU59,1,2026-05-05,11,14,2026-05-19,29
791,SKU59,1,2026-05-12,11,12,2026-05-24,21
792,SKU60,4,2025-07-01,29,28,2025-07-29,84
793,SKU60,4,2025-07-08,29,29,2025-08-06,63
794,SKU60,4,2025-07-15,29,27,2025-08-11,48
795,SKU60,4,2025-07-22,29,30,2025-08-21,61
796,SKU60,4,2026-01-27,29,30,2026-02-26,79
797,SKU60,4,2026-02-03,29,29,2026-03-04,67
798,SKU60,4,2026-02-10,29,28,2026-03-10,54
799,SKU60,4,2026-02-17,29,30,2026-03-19,62
800,SKU61,4,2025-09-30,14,15,2025-10-15,32
801,SKU61,4,2025-10-07,14,12,2025-10-19,30
802,SKU61,4,2026-02-17,14,14,2026-03-03,35
803,SKU61,4,2026-02-24,14,12,2026-03-08,31
804,SKU62,2,2025-11-18,13,16,2025-12-04,35
805,SKU62,2,2025-11-25,13,15,2025-12-10,39
806,SKU62,2,2026-02-17,13,17,2026-03-06,44
807,SKU62,2,2026-02-24,13,12,2026-03-08,45
808,SKU63,3,2025-09-16,18,19,2025-10-05,10
809,SKU63,3,2025-09-23,18,18,2025-10-11,10
810,SKU63,3,2025-09-30,18,18,2025-10-18,10
811,SKU63,3,2025-10-07,18,19,2025-10-26,11
812,SKU63,3,2025-10-14,18,18,2025-11-01,10
813,SKU63,3,2025-11-25,18,24,2025-12-19,10
814,SKU63,3,2025-12-02,18,15,2025-12-17,10
815,SKU63,3,2025-12-09,18,17,2025-12-26,10
816,SKU63,3,2025-12-16,18,20,2026-01-05,11
817,SKU63,3,2025-12-30,18,23,2026-01-22,13
818,SKU63,3,2026-02-10,18,23,2026-03-05,11
819,SKU63,3,2026-02-17,18,23,2026-03-12,10
820,SKU63,3,2026-02-24,18,15,2026-03-11,11
821,SKU63,3,2026-03-03,18,14,2026-03-17,10
822,SKU63,3,2026-04-14,18,24,2026-05-08,10
823,SKU63,3,2026-04-21,18,17,2026-05-08,10
824,SKU63,3,2026-04-28,18,14,2026-05-12,12
825,SKU63,3,2026-06-09,18,15,2026-06-24,10
826,SKU63,3,2026-06-16,18,21,2026-07-07,10
827,SKU64,1,2025-12-16,17,15,2025-12-31,82
828,SKU64,1,2025-12-23,17,14,2026-01-06,75
829,SKU65,5,2025-07-15,16,17,2025-08-01,54
830,SKU65,5,2025-07-22,16,18,2025-08-09,58
831,SKU65,5,2025-10-21,16,16,2025-11-06,59
832,SKU65,5,2025-10-28,16,18,2025-11-15,44
833,SKU65,5,2026-01-20,16,19,2026-02-08,41
834,SKU65,5,2026-01-27,16,17,2026-02-13,55
835,SKU65,5,2026-02-03,16,13,2026-02-16,57
836,SKU65,5,2026-05-05,16,15,2026-05-20,55
837,SKU65,5,2026-05-12,16,20,2026-06-01,64
838,SKU66,5,2025-07-01,24,27,2025-07-28,17
839,SKU66,5,2025-07-08,24,26,2025-08-03,15
840,SKU66,5,2025-07-22,24,25,2025-08-16,23
841,SKU66,5,2025-07-29,24,25,2025-08-23,24
842,SKU66,5,2025-08-05,24,24,2025-08-29,16
843,SKU66,5,2025-08-19,24,27,2025-09-15,17
844,SKU66,5,2025-08-26,24,24,2025-09-19,21
845,SKU66,5,2025-09-02,24,26,2025-09-28,20
846,SKU66,5,2025-09-09,24,24,2025-10-03,19
847,SKU66,5,2025-09-30,24,24,2025-10-24,17
848,SKU66,5,2025-10-07,24,24,2025-10-31,18
849,SKU66,5,2025-10-14,24,25,2025-11-08,19
850,SKU66,5,2025-10-21,24,25,2025-11-15,16
851,SKU66,5,2025-10-28,24,25,2025-11-22,21
852,SKU66,5,2025-11-04,24,28,2025-12-02,19
853,SKU66,5,2025-11-11,24,27,2025-12-08,18
854,SKU66,5,2025-11-18,24,24,2025-12-12,20
855,SKU66,5,2025-11-25,24,26,2025-12-21,17
856,SKU66,5,2025-12-02,24,25,2025-12-27,22
857,SKU66,5,2025-12-09,24,26,2026-01-04,21
858,SKU66,5,2025-12-16,24,24,2026-01-09,17
859,SKU66,5,2025-12-23,24,28,2026-01-20,14
860,SKU66,5,2025-12-30,24,27,2026-01-26,21
861,SKU66,5,2026-01-06,24,26,2026-02-01,19
862,SKU66,5,2026-01-13,24,27,2026-02-09,19
863,SKU66,5,2026-01-20,24,26,2026-02-15,24
864,SKU66,5,2026-01-27,24,25,2026-02-21,19
865,SKU66,5,2026-02-03,24,24,2026-02-27,20
866,SKU66,5,2026-02-10,24,26,2026-03-08,17
867,SKU66,5,2026-02-17,24,24,2026-03-13,16
868,SKU66,5,2026-03-17,24,24,2026-04-10,22
869,SKU66,5,2026-03-24,24,25,2026-04-18,20
870,SKU66,5,2026-03-31,24,25,2026-04-25,24
871,SKU66,5,2026-04-07,24,26,2026-05-03,17
872,SKU66,5,2026-04-21,24,24,2026-05-15,19
873,SKU66,5,2026-04-28,24,24,2026-05-22,19
874,SKU66,5,2026-05-05,24,26,2026-05-31,19
875,SKU66,5,2026-05-12,24,28,2026-06-09,19
876,SKU66,5,2026-05-26,24,25,2026-06-20,16
877,SKU66,5,2026-06-02,24,25,2026-06-27,21
878,SKU66,5,2026-06-09,24,27,2026-07-06,21
879,SKU66,5,2026-06-16,24,26,2026-07-12,16
880,SKU66,5,2026-06-23,24,24,2026-07-17,19
881,SKU67,1,2025-07-01,10,7,2025-07-08,64
882,SKU67,1,2025-08-05,10,9,2025-08-14,59
883,SKU67,1,2025-09-16,10,7,2025-09-23,49
884,SKU67,1,2025-10-21,10,10,2025-10-31,77
885,SKU67,1,2025-12-16,10,13,2025-12-29,74
886,SKU67,1,2025-12-23,10,12,2026-01-04,79
887,SKU67,1,2026-03-17,10,8,2026-03-25,54
888,SKU67,1,2026-05-12,10,11,2026-05-23,81
889,SKU67,1,2026-05-19,10,10,2026-05-29,68
890,SKU68,2,2025-07-01,2,8,2025-07-09,58
891,SKU68,2,2025-11-04,2,1,2025-11-05,50
892,SKU68,2,2026-01-06,2,2,2026-01-08,61
893,SKU68,2,2026-05-26,2,1,2026-05-27,63
894,SKU69,4,2025-09-02,9,7,2025-09-09,29
895,SKU69,4,2025-09-23,9,7,2025-09-30,23
896,SKU69,4,2025-09-30,9,10,2025-10-10,27
897,SKU69,4,2025-10-21,9,10,2025-10-31,28
898,SKU69,4,2025-11-25,9,10,2025-12-05,25
899,SKU69,4,2025-12-09,9,6,2025-12-15,24
900,SKU69,4,2025-12-30,9,8,2026-01-07,30
901,SKU69,4,2026-01-13,9,10,2026-01-23,27
902,SKU69,4,2026-01-20,9,10,2026-01-30,34
903,SKU69,4,2026-02-17,9,9,2026-02-26,25
904,SKU69,4,2026-03-03,9,7,2026-03-10,19
905,SKU69,4,2026-03-17,9,10,2026-03-27,28
906,SKU69,4,2026-04-07,9,11,2026-04-18,28
907,SKU69,4,2026-04-28,9,8,2026-05-06,27
908,SKU69,4,2026-05-19,9,8,2026-05-27,24
909,SKU69,4,2026-06-23,9,8,2026-07-01,26
910,SKU70,1,2025-07-08,22,21,2025-07-29,23
911,SKU70,1,2025-07-22,22,23,2025-08-14,26
912,SKU71,2,2025-09-02,2,4,2025-09-06,22
913,SKU71,2,2025-09-23,2,6,2025-09-29,24
914,SKU71,2,2025-10-07,2,7,2025-10-14,25
915,SKU71,2,2025-10-21,2,3,2025-10-24,26
916,SKU71,2,2025-11-04,2,4,2025-11-08,24
917,SKU71,2,2025-11-25,2,2,2025-11-27,27
918,SKU71,2,2025-12-16,2,4,2025-12-20,26
919,SKU71,2,2025-12-30,2,1,2025-12-31,31
920,SKU71,2,2026-01-20,2,2,2026-01-22,23
921,SKU71,2,2026-02-03,2,1,2026-02-04,13
922,SKU71,2,2026-02-17,2,3,2026-02-20,25
923,SKU71,2,2026-03-03,2,7,2026-03-10,27
924,SKU71,2,2026-03-17,2,1,2026-03-18,29
925,SKU71,2,2026-04-14,2,4,2026-04-18,31
926,SKU71,2,2026-05-19,2,8,2026-05-27,15
927,SKU71,2,2026-06-02,2,5,2026-06-07,28
928,SKU72,1,2025-07-08,21,20,2025-07-28,71
929,SKU72,1,2025-07-15,21,19,2025-08-03,84
930,SKU72,1,2025-07-22,21,22,2025-08-13,74
931,SKU72,1,2026-01-06,21,23,2026-01-29,99
932,SKU72,1,2026-01-13,21,17,2026-01-30,104
933,SKU72,1,2026-01-20,21,19,2026-02-08,72
934,SKU73,4,2025-07-01,13,10,2025-07-11,69
935,SKU73,4,2025-09-02,13,12,2025-09-14,66
936,SKU73,4,2025-09-09,13,12,2025-09-21,56
937,SKU73,4,2025-12-30,13,14,2026-01-13,59
938,SKU73,4,2026-01-06,13,14,2026-01-20,70
939,SKU73,4,2026-04-28,13,13,2026-05-11,66
940,SKU74,4,2025-07-15,1,1,2025-07-16,10
941,SKU74,4,2025-07-29,1,1,2025-07-30,10
942,SKU74,4,2025-08-19,1,1,2025-08-20,10
943,SKU74,4,2025-09-02,1,1,2025-09-03,10
944,SKU74,4,2025-09-16,1,1,2025-09-17,10
945,SKU74,4,2025-09-30,1,2,2025-10-02,10
946,SKU74,4,2025-10-14,1,1,2025-10-15,10
947,SKU74,4,2025-10-28,1,1,2025-10-29,10
948,SKU74,4,2025-11-18,1,1,2025-11-19,10
949,SKU74,4,2025-12-02,1,1,2025-12-03,10
950,SKU74,4,2025-12-23,1,1,2025-12-24,10
951,SKU74,4,2026-01-06,1,1,2026-01-07,10
952,SKU74,4,2026-01-20,1,3,2026-01-23,10
953,SKU74,4,2026-02-03,1,2,2026-02-05,10
954,SKU74,4,2026-02-17,1,1,2026-02-18,10
955,SKU74,4,2026-03-03,1,1,2026-03-04,10
956,SKU74,4,2026-03-17,1,1,2026-03-18,10
957,SKU74,4,2026-03-31,1,1,2026-04-01,10
958,SKU74,4,2026-04-14,1,1,2026-04-15,10
959,SKU74,4,2026-04-28,1,1,2026-04-29,10
960,SKU74,4,2026-05-19,1,2,2026-05-21,10
961,SKU74,4,2026-06-02,1,1,2026-06-03,10
962,SKU74,4,2026-06-16,1,1,2026-06-17,10
963,SKU75,1,2025-07-01,25,23,2025-07-24,56
964,SKU75,1,2025-07-08,25,20,2025-07-28,60
965,SKU75,1,2025-07-15,25,25,2025-08-09,48
966,SKU76,2,2025-08-05,25,24,2025-08-29,26
967,SKU76,2,2025-08-12,25,26,2025-09-07,23
968,SKU76,2,2025-08-19,25,28,2025-09-16,21
969,SKU76,2,2025-12-09,25,27,2026-01-05,21
970,SKU76,2,2025-12-16,25,29,2026-01-14,21
971,SKU76,2,2025-12-23,25,25,2026-01-17,21
972,SKU76,2,2025-12-30,25,26,2026-01-25,22
973,SKU76,2,2026-04-14,25,27,2026-05-11,22
974,SKU76,2,2026-04-21,25,29,2026-05-20,27
975,SKU76,2,2026-04-28,25,28,2026-05-26,20
976,SKU76,2,2026-05-05,25,28,2026-06-02,18
977,SKU77,1,2025-09-09,26,25,2025-10-04,56
978,SKU77,1,2025-09-16,26,26,2025-10-12,57
979,SKU77,1,2025-09-23,26,26,2025-10-19,57
980,SKU77,1,2025-09-30,26,23,2025-10-23,44
981,SKU77,1,2026-03-24,26,26,2026-04-19,78
982,SKU77,1,2026-03-31,26,26,2026-04-26,61
983,SKU77,1,2026-04-07,26,24,2026-05-01,59
984,SKU77,1,2026-04-14,26,24,2026-05-08,69
985,SKU78,5,2025-07-01,25,27,2025-07-28,48
986,SKU78,5,2025-07-08,25,26,2025-08-03,49
987,SKU78,5,2025-07-15,25,25,2025-08-09,46
988,SKU78,5,2025-07-22,25,27,2025-08-18,54
989,SKU78,5,2025-07-29,25,24,2025-08-22,53
990,SKU78,5,2025-08-05,25,25,2025-08-30,61
991,SKU78,5,2025-10-21,25,28,2025-11-18,61
992,SKU78,5,2025-10-28,25,28,2025-11-25,56
993,SKU78,5,2025-11-04,25,24,2025-11-28,61
994,SKU78,5,2025-11-11,25,27,2025-12-08,29
995,SKU78,5,2025-11-18,25,27,2025-12-15,65
996,SKU78,5,2026-01-20,25,27,2026-02-16,53
997,SKU78,5,2026-02-10,25,27,2026-03-09,61
998,SKU78,5,2026-02-17,25,27,2026-03-16,49
999,SKU78,5,2026-02-24,25,28,2026-03-24,51
1000,SKU78,5,2026-03-03,25,26,2026-03-29,44
1001,SKU78,5,2026-03-10,25,26,2026-04-05,48
1002,SKU78,5,2026-03-17,25,24,2026-04-10,50
1003,SKU79,3,2025-08-19,5,4,2025-08-23,18
1004,SKU79,3,2025-09-23,5,6,2025-09-29,21
1005,SKU79,3,2025-10-21,5,8,2025-10-29,21
1006,SKU79,3,2025-11-25,5,5,2025-11-30,24
1007,SKU79,3,2026-01-06,5,4,2026-01-10,20
1008,SKU79,3,2026-02-17,5,4,2026-02-21,25
1009,SKU79,3,2026-04-28,5,1,2026-04-29,17
1010,SKU79,3,2026-05-19,5,3,2026-05-22,23
1011,SKU80,3,2025-07-01,8,6,2025-07-07,41
1012,SKU80,3,2025-07-22,8,4,2025-07-26,33
1013,SKU80,3,2025-08-12,8,9,2025-08-21,32
1014,SKU80,3,2025-09-02,8,8,2025-09-10,36
1015,SKU80,3,2025-09-30,8,13,2025-10-13,45
1016,SKU80,3,2025-10-07,8,7,2025-10-14,39
1017,SKU80,3,2025-10-28,8,12,2025-11-09,41
1018,SKU80,3,2025-11-04,8,9,2025-11-13,48
1019,SKU80,3,2025-12-02,8,8,2025-12-10,47
1020,SKU80,3,2025-12-23,8,9,2026-01-01,43
1021,SKU80,3,2026-01-06,8,14,2026-01-20,32
1022,SKU80,3,2026-01-13,8,10,2026-01-23,54
1023,SKU80,3,2026-02-10,8,1,2026-02-11,47
1024,SKU80,3,2026-02-24,8,6,2026-03-02,45
1025,SKU80,3,2026-03-24,8,4,2026-03-28,41
1026,SKU80,3,2026-04-14,8,5,2026-04-19,39
1027,SKU80,3,2026-04-28,8,9,2026-05-07,44
1028,SKU80,3,2026-05-19,8,2,2026-05-21,37
1029,SKU80,3,2026-06-16,8,10,2026-06-26,35
1030,SKU81,3,2025-07-01,28,24,2025-07-25,10
1031,SKU81,3,2025-07-08,28,28,2025-08-05,10
1032,SKU81,3,2025-07-15,28,32,2025-08-16,10
1033,SKU81,3,2025-07-22,28,30,2025-08-21,10
1034,SKU81,3,2025-07-29,28,28,2025-08-26,10
1035,SKU81,3,2025-08-05,28,31,2025-09-05,10
1036,SKU81,3,2025-08-12,28,23,2025-09-04,10
1037,SKU81,3,2025-08-19,28,25,2025-09-13,10
1038,SKU81,3,2025-08-26,28,24,2025-09-19,10
1039,SKU81,3,2025-09-09,28,27,2025-10-06,10
1040,SKU81,3,2025-09-16,28,30,2025-10-16,10
1041,SKU81,3,2025-09-23,28,33,2025-10-26,10
1042,SKU81,3,2025-09-30,28,24,2025-10-24,10
1043,SKU81,3,2025-10-07,28,20,2025-10-27,10
1044,SKU81,3,2025-10-14,28,23,2025-11-06,10
1045,SKU81,3,2025-10-21,28,23,2025-11-13,10
1046,SKU81,3,2025-10-28,28,31,2025-11-28,11
1047,SKU81,3,2025-11-04,28,25,2025-11-29,10
1048,SKU81,3,2025-11-11,28,25,2025-12-06,10
1049,SKU81,3,2025-11-18,28,25,2025-12-13,10
1050,SKU81,3,2025-11-25,28,29,2025-12-24,10
1051,SKU81,3,2025-12-02,28,30,2026-01-01,10
1052,SKU81,3,2025-12-09,28,33,2026-01-11,10
1053,SKU81,3,2025-12-16,28,26,2026-01-11,10
1054,SKU81,3,2025-12-23,28,30,2026-01-22,10
1055,SKU81,3,2025-12-30,28,25,2026-01-24,10
1056,SKU81,3,2026-01-06,28,30,2026-02-05,10
1057,SKU81,3,2026-01-13,28,25,2026-02-07,10
1058,SKU81,3,2026-01-20,28,28,2026-02-17,10
1059,SKU81,3,2026-01-27,28,26,2026-02-22,10
1060,SKU81,3,2026-02-03,28,24,2026-02-27,10
1061,SKU81,3,2026-02-10,28,27,2026-03-09,10
1062,SKU81,3,2026-02-17,28,23,2026-03-12,10
1063,SKU81,3,2026-02-24,28,33,2026-03-29,10
1064,SKU81,3,2026-03-03,28,28,2026-03-31,10
1065,SKU81,3,2026-03-10,28,22,2026-04-01,10
1066,SKU81,3,2026-03-17,28,26,2026-04-12,10
1067,SKU81,3,2026-03-24,28,22,2026-04-15,10
1068,SKU81,3,2026-03-31,28,25,2026-04-25,10
1069,SKU81,3,2026-04-07,28,26,2026-05-03,10
1070,SKU81,3,2026-04-14,28,25,2026-05-09,10
1071,SKU81,3,2026-04-21,28,33,2026-05-24,10
1072,SKU81,3,2026-04-28,28,30,2026-05-28,10
1073,SKU81,3,2026-05-05,28,36,2026-06-10,10
1074,SKU81,3,2026-05-12,28,25,2026-06-06,10
1075,SKU81,3,2026-05-19,28,36,2026-06-24,10
1076,SKU81,3,2026-06-02,28,26,2026-06-28,10
1077,SKU81,3,2026-06-09,28,26,2026-07-05,10
1078,SKU81,3,2026-06-16,28,26,2026-07-12,10
1079,SKU81,3,2026-06-23,28,28,2026-07-21,10
1080,SKU82,2,2025-07-22,6,4,2025-07-26,65
1081,SKU82,2,2025-11-04,6,3,2025-11-07,81
1082,SKU82,2,2026-01-13,6,9,2026-01-22,62
1083,SKU82,2,2026-03-24,6,5,2026-03-29,93
1084,SKU83,1,2025-07-29,20,19,2025-08-17,10
1085,SKU83,1,2025-08-12,20,22,2025-09-03,10
1086,SKU83,1,2025-09-02,20,21,2025-09-23,10
1087,SKU83,1,2025-09-09,20,20,2025-09-29,10
1088,SKU83,1,2025-09-16,20,21,2025-10-07,10
1089,SKU83,1,2025-09-23,20,19,2025-10-12,10
1090,SKU83,1,2025-09-30,20,16,2025-10-16,10
1091,SKU83,1,2025-10-07,20,19,2025-10-26,10
1092,SKU83,1,2025-10-14,20,20,2025-11-03,10
1093,SKU83,1,2025-10-21,20,22,2025-11-12,10
1094,SKU83,1,2025-10-28,20,16,2025-11-13,10
1095,SKU83,1,2025-11-04,20,18,2025-11-22,10
1096,SKU83,1,2025-11-11,20,20,2025-12-01,10
1097,SKU83,1,2025-11-18,20,20,2025-12-08,10
1098,SKU83,1,2025-11-25,20,19,2025-12-14,10
1099,SKU83,1,2025-12-02,20,22,2025-12-24,10
1100,SKU83,1,2025-12-09,20,19,2025-12-28,10
1101,SKU83,1,2025-12-16,20,20,2026-01-05,10
1102,SKU83,1,2025-12-23,20,20,2026-01-12,10
1103,SKU83,1,2025-12-30,20,21,2026-01-20,10
1104,SKU83,1,2026-01-06,20,19,2026-01-25,10
1105,SKU83,1,2026-01-13,20,20,2026-02-02,10
1106,SKU83,1,2026-01-20,20,21,2026-02-10,10
1107,SKU83,1,2026-01-27,20,19,2026-02-15,10
1108,SKU83,1,2026-02-03,20,19,2026-02-22,10
1109,SKU83,1,2026-02-10,20,24,2026-03-06,10
1110,SKU83,1,2026-02-17,20,19,2026-03-08,10
1111,SKU83,1,2026-02-24,20,18,2026-03-14,10
1112,SKU83,1,2026-03-10,20,17,2026-03-27,10
1113,SKU83,1,2026-03-24,20,21,2026-04-14,10
1114,SKU83,1,2026-03-31,20,21,2026-04-21,10
1115,SKU83,1,2026-04-07,20,19,2026-04-26,10
1116,SKU83,1,2026-04-14,20,18,2026-05-02,10
1117,SKU83,1,2026-04-21,20,18,2026-05-09,10
1118,SKU83,1,2026-04-28,20,19,2026-05-17,10
1119,SKU83,1,2026-05-05,20,20,2026-05-25,10
1120,SKU83,1,2026-05-12,20,19,2026-05-31,10
1121,SKU83,1,2026-05-19,20,16,2026-06-04,10
1122,SKU83,1,2026-05-26,20,19,2026-06-14,10
1123,SKU83,1,2026-06-02,20,19,2026-06-21,10
1124,SKU83,1,2026-06-09,20,19,2026-06-28,10
1125,SKU83,1,2026-06-16,20,21,2026-07-07,10
1126,SKU84,5,2025-07-01,24,23,2025-07-24,96
1127,SKU84,5,2025-07-08,24,24,2025-08-01,85
1128,SKU84,5,2025-07-15,24,25,2025-08-09,96
1129,SKU84,5,2025-12-16,24,26,2026-01-11,99
1130,SKU84,5,2025-12-23,24,24,2026-01-16,96
1131,SKU84,5,2025-12-30,24,27,2026-01-26,83
1132,SKU84,5,2026-01-06,24,25,2026-01-31,70
1133,SKU85,5,2025-07-08,4,5,2025-07-13,63
1134,SKU86,1,2025-08-26,4,4,2025-08-30,20
1135,SKU86,1,2025-09-30,4,3,2025-10-03,24
1136,SKU86,1,2025-11-04,4,4,2025-11-08,22
1137,SKU86,1,2025-12-02,4,5,2025-12-07,17
1138,SKU86,1,2025-12-23,4,4,2025-12-27,20
1139,SKU86,1,2026-01-27,4,5,2026-02-01,18
1140,SKU86,1,2026-02-24,4,3,2026-02-27,28
1141,SKU86,1,2026-04-21,4,1,2026-04-22,22
1142,SKU86,1,2026-06-09,4,7,2026-06-16,26
1143,SKU87,3,2025-07-01,27,25,2025-07-26,56
1144,SKU87,3,2025-07-08,27,25,2025-08-02,54
1145,SKU87,3,2025-07-22,27,29,2025-08-20,47
1146,SKU88,2,2025-07-01,21,23,2025-07-24,53
1147,SKU88,2,2025-07-08,21,22,2025-07-30,98
1148,SKU88,2,2025-07-15,21,15,2025-07-30,75
1149,SKU88,2,2025-07-22,21,25,2025-08-16,53
1150,SKU88,2,2025-11-25,21,21,2025-12-16,101
1151,SKU88,2,2025-12-02,21,25,2025-12-27,85
1152,SKU88,2,2025-12-09,21,23,2026-01-01,69
1153,SKU88,2,2026-03-10,21,23,2026-04-02,85
1154,SKU88,2,2026-03-17,21,20,2026-04-06,85
1155,SKU88,2,2026-03-24,21,22,2026-04-15,107
1156,SKU89,1,2025-12-30,23,24,2026-01-23,24
1157,SKU89,1,2026-01-06,23,24,2026-01-30,27
1158,SKU89,1,2026-01-13,23,21,2026-02-03,34
1159,SKU90,3,2025-07-29,8,11,2025-08-09,85
1160,SKU90,3,2025-08-05,8,7,2025-08-12,113
1161,SKU90,3,2026-03-24,8,14,2026-04-07,80
1162,SKU90,3,2026-03-31,8,13,2026-04-13,113
1163,SKU91,4,2025-07-22,5,2,2025-07-24,77
1164,SKU91,4,2025-09-09,5,4,2025-09-13,103
1165,SKU91,4,2025-10-21,5,6,2025-10-27,86
1166,SKU91,4,2025-11-25,5,3,2025-11-28,70
1167,SKU91,4,2025-12-30,5,8,2026-01-07,72
1168,SKU91,4,2026-01-13,5,6,2026-01-19,84
1169,SKU91,4,2026-02-17,5,4,2026-02-21,86
1170,SKU91,4,2026-03-17,5,6,2026-03-23,82
1171,SKU91,4,2026-04-07,5,5,2026-04-12,76
1172,SKU91,4,2026-05-12,5,4,2026-05-16,97
1173,SKU92,2,2025-11-18,4,3,2025-11-21,10
1174,SKU92,2,2025-12-02,4,1,2025-12-03,11
1175,SKU92,2,2025-12-23,4,9,2026-01-01,10
1176,SKU92,2,2026-01-06,4,1,2026-01-07,10
1177,SKU92,2,2026-01-20,4,3,2026-01-23,10
1178,SKU92,2,2026-02-03,4,4,2026-02-07,10
1179,SKU92,2,2026-02-17,4,3,2026-02-20,10
1180,SKU92,2,2026-03-03,4,9,2026-03-12,10
1181,SKU92,2,2026-03-24,4,5,2026-03-29,10
1182,SKU92,2,2026-04-28,4,6,2026-05-04,10
1183,SKU92,2,2026-05-12,4,8,2026-05-20,10
1184,SKU92,2,2026-06-09,4,4,2026-06-13,10
1185,SKU92,2,2026-06-23,4,4,2026-06-27,10
1186,SKU93,4,2025-11-18,21,19,2025-12-07,69
1187,SKU93,4,2025-11-25,21,21,2025-12-16,71
1188,SKU93,4,2025-12-02,21,23,2025-12-25,67
1189,SKU94,2,2025-07-15,12,14,2025-07-29,71
1190,SKU94,2,2025-08-19,12,11,2025-08-30,72
1191,SKU94,2,2025-08-26,12,10,2025-09-05,75
1192,SKU94,2,2025-10-14,12,9,2025-10-23,70
1193,SKU94,2,2025-11-04,12,15,2025-11-19,62
1194,SKU94,2,2025-11-11,12,10,2025-11-21,72
1195,SKU94,2,2025-12-16,12,13,2025-12-29,72
1196,SKU94,2,2025-12-23,12,14,2026-01-06,68
1197,SKU94,2,2026-02-17,12,17,2026-03-06,42
1198,SKU94,2,2026-02-24,12,16,2026-03-12,85
1199,SKU94,2,2026-03-03,12,10,2026-03-13,61
1200,SKU94,2,2026-04-07,12,12,2026-04-19,63
1201,SKU94,2,2026-04-14,12,14,2026-04-28,58
1202,SKU94,2,2026-05-19,12,12,2026-05-31,61
1203,SKU94,2,2026-05-26,12,19,2026-06-14,87
1204,SKU95,4,2025-07-01,18,20,2025-07-21,25
1205,SKU95,4,2025-07-08,18,19,2025-07-27,27
1206,SKU95,4,2025-07-15,18,19,2025-08-03,26
1207,SKU95,4,2025-07-22,18,16,2025-08-07,26
1208,SKU95,4,2025-07-29,18,15,2025-08-13,31
1209,SKU95,4,2025-09-16,18,16,2025-10-02,32
1210,SKU95,4,2025-10-07,18,18,2025-10-25,26
1211,SKU95,4,2025-10-14,18,16,2025-10-30,21
1212,SKU95,4,2025-10-21,18,19,2025-11-09,30
1213,SKU95,4,2025-10-28,18,16,2025-11-13,28
1214,SKU95,4,2025-11-04,18,22,2025-11-26,20
1215,SKU95,4,2025-12-09,18,18,2025-12-27,23
1216,SKU95,4,2025-12-16,18,17,2026-01-02,22
1217,SKU95,4,2025-12-23,18,19,2026-01-11,28
1218,SKU95,4,2025-12-30,18,18,2026-01-17,24
1219,SKU95,4,2026-01-06,18,18,2026-01-24,26
1220,SKU95,4,2026-01-13,18,17,2026-01-30,28
1221,SKU95,4,2026-01-20,18,15,2026-02-04,30
1222,SKU95,4,2026-03-10,18,18,2026-03-28,20
1223,SKU95,4,2026-03-17,18,16,2026-04-02,22
1224,SKU95,4,2026-03-24,18,16,2026-04-09,25
1225,SKU95,4,2026-03-31,18,18,2026-04-18,22
1226,SKU95,4,2026-04-14,18,19,2026-05-03,29
1227,SKU95,4,2026-05-19,18,15,2026-06-03,27
1228,SKU95,4,2026-05-26,18,18,2026-06-13,27
1229,SKU95,4,2026-06-09,18,20,2026-06-29,29
1230,SKU95,4,2026-06-23,18,22,2026-07-15,22
1231,SKU96,3,2025-07-29,28,32,2025-08-30,32
1232,SKU96,3,2025-08-05,28,28,2025-09-02,32
1233,SKU96,3,2025-08-12,28,28,2025-09-09,37
1234,SKU96,3,2025-08-19,28,26,2025-09-14,29
1235,SKU96,3,2025-08-26,28,31,2025-09-26,26
1236,SKU96,3,2026-03-03,28,26,2026-03-29,33
1237,SKU96,3,2026-03-17,28,27,2026-04-13,39
1238,SKU96,3,2026-03-24,28,29,2026-04-22,19
1239,SKU96,3,2026-06-23,28,30,2026-07-23,33
1240,SKU97,4,2026-05-26,10,7,2026-06-02,10
1241,SKU98,5,2025-07-01,28,27,2025-07-28,32
1242,SKU98,5,2025-07-08,28,28,2025-08-05,23
1243,SKU98,5,2025-07-15,28,27,2025-08-11,31
1244,SKU98,5,2025-07-22,28,28,2025-08-19,27
1245,SKU98,5,2025-07-29,28,29,2025-08-27,31
1246,SKU98,5,2025-08-05,28,28,2025-09-02,33
1247,SKU98,5,2025-08-12,28,29,2025-09-10,20
1248,SKU98,5,2025-08-19,28,30,2025-09-18,21
1249,SKU98,5,2025-08-26,28,30,2025-09-25,25
1250,SKU98,5,2025-10-07,28,29,2025-11-05,24
1251,SKU98,5,2025-10-14,28,31,2025-11-14,22
1252,SKU98,5,2025-10-21,28,31,2025-11-21,28
1253,SKU98,5,2025-10-28,28,29,2025-11-26,36
1254,SKU98,5,2025-11-04,28,29,2025-12-03,26
1255,SKU98,5,2025-11-11,28,31,2025-12-12,25
1256,SKU98,5,2025-12-23,28,30,2026-01-22,27
1257,SKU98,5,2025-12-30,28,29,2026-01-28,31
1258,SKU98,5,2026-01-06,28,30,2026-02-05,22
1259,SKU98,5,2026-01-13,28,30,2026-02-12,28
1260,SKU98,5,2026-01-20,28,30,2026-02-19,23
1261,SKU98,5,2026-01-27,28,28,2026-02-24,27
1262,SKU98,5,2026-02-03,28,28,2026-03-03,28
1263,SKU98,5,2026-02-10,28,28,2026-03-10,29
1264,SKU98,5,2026-02-17,28,28,2026-03-17,22
1265,SKU98,5,2026-03-03,28,29,2026-04-01,24
1266,SKU98,5,2026-03-10,28,28,2026-04-07,21
1267,SKU98,5,2026-03-17,28,29,2026-04-15,30
1268,SKU98,5,2026-03-24,28,30,2026-04-23,27
1269,SKU98,5,2026-03-31,28,30,2026-04-30,24
1270,SKU98,5,2026-04-07,28,29,2026-05-06,27
1271,SKU98,5,2026-04-14,28,31,2026-05-15,32
1272,SKU98,5,2026-04-21,28,28,2026-05-19,28
1273,SKU98,5,2026-04-28,28,30,2026-05-28,27
1274,SKU98,5,2026-05-05,28,28,2026-06-02,27
1275,SKU98,5,2026-06-16,28,29,2026-07-15,24
1276,SKU98,5,2026-06-23,28,31,2026-07-24,33
1277,SKU99,2,2025-07-01,29,31,2025-08-01,56
1278,SKU99,2,2025-07-08,29,29,2025-08-06,64
1279,SKU99,2,2025-07-22,29,28,2025-08-19,56
1280,SKU99,2,2025-07-29,29,30,2025-08-28,53
1281,SKU99,2,2025-11-25,29,26,2025-12-21,59
1282,SKU99,2,2025-12-02,29,31,2026-01-02,54
1283,SKU99,2,2025-12-09,29,25,2026-01-03,59
1284,SKU99,2,2025-12-16,29,29,2026-01-14,79
1285,SKU99,2,2025-12-23,29,28,2026-01-20,63
1286,SKU99,2,2026-04-14,29,24,2026-05-08,57
1287,SKU99,2,2026-04-28,29,31,2026-05-29,65
1288,SKU99,2,2026-05-19,29,34,2026-06-22,55
